X,Y,Z,Roll,Pitch,Yaw,Gripper
0.0,0.5,0.3,0.0,90.0,0.0,0.02
-0.0011741638183593306,0.4995107650756836,0.2994129180908203,0.0,89.95596918551551,-0.07827700352797251,0.02
-0.002348327636718661,0.4990215301513672,0.29882583618164066,0.0,89.91193837103103,-0.15655400705594502,0.02
-0.0035224914550779918,0.4368884563446045,0.2547945320606232,0.0,89.33953095254353,0.7045051743103272,0.02
1.1102230246251565e-16,0.3747553825378418,0.21076322793960572,0.0,88.76712353405603,1.5655643556765995,0.02
0.008219146728515758,0.3126223087310791,0.16673192381858826,0.0,88.72309271957154,2.4266235370428717,0.02
