X,Y,Z,Roll,Pitch,Yaw,Gripper,Terminate
-0.0011741638183593306,0.5495107650756836,0.39941291809082036,44.955969185515514,44.955969185515514,89.89236912014903,0.04994129180908203,0
-0.0011741638183593306,0.5495107650756836,0.39941291809082036,44.955969185515514,44.955969185515514,89.89236912014903,0.02,0
